time,tls_id,controlled_lanes,state
0,intersection_1_1,road_1_2_3_0;road_1_2_3_0;road_1_2_3_1;road_1_2_3_1;road_2_1_2_0;road_2_1_2_0;road_2_1_2_1;road_2_1_2_1;road_1_0_1_0;road_1_0_1_0;road_1_0_1_1;road_1_0_1_1;road_0_1_0_0;road_0_1_0_0;road_0_1_0_1;road_0_1_0_1,rrrrGGrrrrrrGGrr
10,intersection_1_1,road_1_2_3_0;road_1_2_3_0;road_1_2_3_1;road_1_2_3_1;road_2_1_2_0;road_2_1_2_0;road_2_1_2_1;road_2_1_2_1;road_1_0_1_0;road_1_0_1_0;road_1_0_1_1;road_1_0_1_1;road_0_1_0_0;road_0_1_0_0;road_0_1_0_1;road_0_1_0_1,rrrrrrGGrrrrrrGG
20,intersection_1_1,road_1_2_3_0;road_1_2_3_0;road_1_2_3_1;road_1_2_3_1;road_2_1_2_0;road_2_1_2_0;road_2_1_2_1;road_2_1_2_1;road_1_0_1_0;road_1_0_1_0;road_1_0_1_1;road_1_0_1_1;road_0_1_0_0;road_0_1_0_0;road_0_1_0_1;road_0_1_0_1,rrrrGGrrrrrrGGrr
30,intersection_1_1,road_1_2_3_0;road_1_2_3_0;road_1_2_3_1;road_1_2_3_1;road_2_1_2_0;road_2_1_2_0;road_2_1_2_1;road_2_1_2_1;road_1_0_1_0;road_1_0_1_0;road_1_0_1_1;road_1_0_1_1;road_0_1_0_0;road_0_1_0_0;road_0_1_0_1;road_0_1_0_1,rrrrGGGGrrrrrrrr
40,intersection_1_1,road_1_2_3_0;road_1_2_3_0;road_1_2_3_1;road_1_2_3_1;road_2_1_2_0;road_2_1_2_0;road_2_1_2_1;road_2_1_2_1;road_1_0_1_0;road_1_0_1_0;road_1_0_1_1;road_1_0_1_1;road_0_1_0_0;road_0_1_0_0;road_0_1_0_1;road_0_1_0_1,rrrrGGGGrrrrrrrr
50,intersection_1_1,road_1_2_3_0;road_1_2_3_0;road_1_2_3_1;road_1_2_3_1;road_2_1_2_0;road_2_1_2_0;road_2_1_2_1;road_2_1_2_1;road_1_0_1_0;road_1_0_1_0;road_1_0_1_1;road_1_0_1_1;road_0_1_0_0;road_0_1_0_0;road_0_1_0_1;road_0_1_0_1,rrrrGGGGrrrrrrrr
60,intersection_1_1,road_1_2_3_0;road_1_2_3_0;road_1_2_3_1;road_1_2_3_1;road_2_1_2_0;road_2_1_2_0;road_2_1_2_1;road_2_1_2_1;road_1_0_1_0;road_1_0_1_0;road_1_0_1_1;road_1_0_1_1;road_0_1_0_0;road_0_1_0_0;road_0_1_0_1;road_0_1_0_1,rrrrGGGGrrrrrrrr
70,intersection_1_1,road_1_2_3_0;road_1_2_3_0;road_1_2_3_1;road_1_2_3_1;road_2_1_2_0;road_2_1_2_0;road_2_1_2_1;road_2_1_2_1;road_1_0_1_0;road_1_0_1_0;road_1_0_1_1;road_1_0_1_1;road_0_1_0_0;road_0_1_0_0;road_0_1_0_1;road_0_1_0_1,rrrrGGrrrrrrGGrr
80,intersection_1_1,road_1_2_3_0;road_1_2_3_0;road_1_2_3_1;road_1_2_3_1;road_2_1_2_0;road_2_1_2_0;road_2_1_2_1;road_2_1_2_1;road_1_0_1_0;road_1_0_1_0;road_1_0_1_1;road_1_0_1_1;road_0_1_0_0;road_0_1_0_0;road_0_1_0_1;road_0_1_0_1,rrrrGGrrrrrrGGrr
90,intersection_1_1,road_1_2_3_0;road_1_2_3_0;road_1_2_3_1;road_1_2_3_1;road_2_1_2_0;road_2_1_2_0;road_2_1_2_1;road_2_1_2_1;road_1_0_1_0;road_1_0_1_0;road_1_0_1_1;road_1_0_1_1;road_0_1_0_0;road_0_1_0_0;road_0_1_0_1;road_0_1_0_1,rrrrGGGGrrrrrrrr
100,intersection_1_1,road_1_2_3_0;road_1_2_3_0;road_1_2_3_1;road_1_2_3_1;road_2_1_2_0;road_2_1_2_0;road_2_1_2_1;road_2_1_2_1;road_1_0_1_0;road_1_0_1_0;road_1_0_1_1;road_1_0_1_1;road_0_1_0_0;road_0_1_0_0;road_0_1_0_1;road_0_1_0_1,rrrrrrrrGGGGrrrr
110,intersection_1_1,road_1_2_3_0;road_1_2_3_0;road_1_2_3_1;road_1_2_3_1;road_2_1_2_0;road_2_1_2_0;road_2_1_2_1;road_2_1_2_1;road_1_0_1_0;road_1_0_1_0;road_1_0_1_1;road_1_0_1_1;road_0_1_0_0;road_0_1_0_0;road_0_1_0_1;road_0_1_0_1,rrrrrrrrGGGGrrrr
120,intersection_1_1,road_1_2_3_0;road_1_2_3_0;road_1_2_3_1;road_1_2_3_1;road_2_1_2_0;road_2_1_2_0;road_2_1_2_1;road_2_1_2_1;road_1_0_1_0;road_1_0_1_0;road_1_0_1_1;road_1_0_1_1;road_0_1_0_0;road_0_1_0_0;road_0_1_0_1;road_0_1_0_1,rrrrrrrrGGGGrrrr
130,intersection_1_1,road_1_2_3_0;road_1_2_3_0;road_1_2_3_1;road_1_2_3_1;road_2_1_2_0;road_2_1_2_0;road_2_1_2_1;road_2_1_2_1;road_1_0_1_0;road_1_0_1_0;road_1_0_1_1;road_1_0_1_1;road_0_1_0_0;road_0_1_0_0;road_0_1_0_1;road_0_1_0_1,rrrrrrrrGGGGrrrr
140,intersection_1_1,road_1_2_3_0;road_1_2_3_0;road_1_2_3_1;road_1_2_3_1;road_2_1_2_0;road_2_1_2_0;road_2_1_2_1;road_2_1_2_1;road_1_0_1_0;road_1_0_1_0;road_1_0_1_1;road_1_0_1_1;road_0_1_0_0;road_0_1_0_0;road_0_1_0_1;road_0_1_0_1,rrrrrrrrGGGGrrrr
150,intersection_1_1,road_1_2_3_0;road_1_2_3_0;road_1_2_3_1;road_1_2_3_1;road_2_1_2_0;road_2_1_2_0;road_2_1_2_1;road_2_1_2_1;road_1_0_1_0;road_1_0_1_0;road_1_0_1_1;road_1_0_1_1;road_0_1_0_0;road_0_1_0_0;road_0_1_0_1;road_0_1_0_1,rrrrrrrrGGGGrrrr
160,intersection_1_1,road_1_2_3_0;road_1_2_3_0;road_1_2_3_1;road_1_2_3_1;road_2_1_2_0;road_2_1_2_0;road_2_1_2_1;road_2_1_2_1;road_1_0_1_0;road_1_0_1_0;road_1_0_1_1;road_1_0_1_1;road_0_1_0_0;road_0_1_0_0;road_0_1_0_1;road_0_1_0_1,rrrrrrrrGGGGrrrr
170,intersection_1_1,road_1_2_3_0;road_1_2_3_0;road_1_2_3_1;road_1_2_3_1;road_2_1_2_0;road_2_1_2_0;road_2_1_2_1;road_2_1_2_1;road_1_0_1_0;road_1_0_1_0;road_1_0_1_1;road_1_0_1_1;road_0_1_0_0;road_0_1_0_0;road_0_1_0_1;road_0_1_0_1,rrrrrrrrGGGGrrrr
180,intersection_1_1,road_1_2_3_0;road_1_2_3_0;road_1_2_3_1;road_1_2_3_1;road_2_1_2_0;road_2_1_2_0;road_2_1_2_1;road_2_1_2_1;road_1_0_1_0;road_1_0_1_0;road_1_0_1_1;road_1_0_1_1;road_0_1_0_0;road_0_1_0_0;road_0_1_0_1;road_0_1_0_1,rrrrrrrrGGGGrrrr
190,intersection_1_1,road_1_2_3_0;road_1_2_3_0;road_1_2_3_1;road_1_2_3_1;road_2_1_2_0;road_2_1_2_0;road_2_1_2_1;road_2_1_2_1;road_1_0_1_0;road_1_0_1_0;road_1_0_1_1;road_1_0_1_1;road_0_1_0_0;road_0_1_0_0;road_0_1_0_1;road_0_1_0_1,rrrrrrrrGGGGrrrr
200,intersection_1_1,road_1_2_3_0;road_1_2_3_0;road_1_2_3_1;road_1_2_3_1;road_2_1_2_0;road_2_1_2_0;road_2_1_2_1;road_2_1_2_1;road_1_0_1_0;road_1_0_1_0;road_1_0_1_1;road_1_0_1_1;road_0_1_0_0;road_0_1_0_0;road_0_1_0_1;road_0_1_0_1,rrrrGGrrrrrrGGrr
210,intersection_1_1,road_1_2_3_0;road_1_2_3_0;road_1_2_3_1;road_1_2_3_1;road_2_1_2_0;road_2_1_2_0;road_2_1_2_1;road_2_1_2_1;road_1_0_1_0;road_1_0_1_0;road_1_0_1_1;road_1_0_1_1;road_0_1_0_0;road_0_1_0_0;road_0_1_0_1;road_0_1_0_1,rrrrGGrrrrrrGGrr
220,intersection_1_1,road_1_2_3_0;road_1_2_3_0;road_1_2_3_1;road_1_2_3_1;road_2_1_2_0;road_2_1_2_0;road_2_1_2_1;road_2_1_2_1;road_1_0_1_0;road_1_0_1_0;road_1_0_1_1;road_1_0_1_1;road_0_1_0_0;road_0_1_0_0;road_0_1_0_1;road_0_1_0_1,rrrrGGrrrrrrGGrr
230,intersection_1_1,road_1_2_3_0;road_1_2_3_0;road_1_2_3_1;road_1_2_3_1;road_2_1_2_0;road_2_1_2_0;road_2_1_2_1;road_2_1_2_1;road_1_0_1_0;road_1_0_1_0;road_1_0_1_1;road_1_0_1_1;road_0_1_0_0;road_0_1_0_0;road_0_1_0_1;road_0_1_0_1,rrrrGGrrrrrrGGrr
240,intersection_1_1,road_1_2_3_0;road_1_2_3_0;road_1_2_3_1;road_1_2_3_1;road_2_1_2_0;road_2_1_2_0;road_2_1_2_1;road_2_1_2_1;road_1_0_1_0;road_1_0_1_0;road_1_0_1_1;road_1_0_1_1;road_0_1_0_0;road_0_1_0_0;road_0_1_0_1;road_0_1_0_1,rrrrGGrrrrrrGGrr
250,intersection_1_1,road_1_2_3_0;road_1_2_3_0;road_1_2_3_1;road_1_2_3_1;road_2_1_2_0;road_2_1_2_0;road_2_1_2_1;road_2_1_2_1;road_1_0_1_0;road_1_0_1_0;road_1_0_1_1;road_1_0_1_1;road_0_1_0_0;road_0_1_0_0;road_0_1_0_1;road_0_1_0_1,rrrrGGGGrrrrrrrr
260,intersection_1_1,road_1_2_3_0;road_1_2_3_0;road_1_2_3_1;road_1_2_3_1;road_2_1_2_0;road_2_1_2_0;road_2_1_2_1;road_2_1_2_1;road_1_0_1_0;road_1_0_1_0;road_1_0_1_1;road_1_0_1_1;road_0_1_0_0;road_0_1_0_0;road_0_1_0_1;road_0_1_0_1,rrGGrrrrrrGGrrrr
270,intersection_1_1,road_1_2_3_0;road_1_2_3_0;road_1_2_3_1;road_1_2_3_1;road_2_1_2_0;road_2_1_2_0;road_2_1_2_1;road_2_1_2_1;road_1_0_1_0;road_1_0_1_0;road_1_0_1_1;road_1_0_1_1;road_0_1_0_0;road_0_1_0_0;road_0_1_0_1;road_0_1_0_1,rrGGrrrrrrGGrrrr
280,intersection_1_1,road_1_2_3_0;road_1_2_3_0;road_1_2_3_1;road_1_2_3_1;road_2_1_2_0;road_2_1_2_0;road_2_1_2_1;road_2_1_2_1;road_1_0_1_0;road_1_0_1_0;road_1_0_1_1;road_1_0_1_1;road_0_1_0_0;road_0_1_0_0;road_0_1_0_1;road_0_1_0_1,rrGGrrrrrrGGrrrr
290,intersection_1_1,road_1_2_3_0;road_1_2_3_0;road_1_2_3_1;road_1_2_3_1;road_2_1_2_0;road_2_1_2_0;road_2_1_2_1;road_2_1_2_1;road_1_0_1_0;road_1_0_1_0;road_1_0_1_1;road_1_0_1_1;road_0_1_0_0;road_0_1_0_0;road_0_1_0_1;road_0_1_0_1,rrrrGGrrrrrrGGrr
300,intersection_1_1,road_1_2_3_0;road_1_2_3_0;road_1_2_3_1;road_1_2_3_1;road_2_1_2_0;road_2_1_2_0;road_2_1_2_1;road_2_1_2_1;road_1_0_1_0;road_1_0_1_0;road_1_0_1_1;road_1_0_1_1;road_0_1_0_0;road_0_1_0_0;road_0_1_0_1;road_0_1_0_1,rrrrGGrrrrrrGGrr
310,intersection_1_1,road_1_2_3_0;road_1_2_3_0;road_1_2_3_1;road_1_2_3_1;road_2_1_2_0;road_2_1_2_0;road_2_1_2_1;road_2_1_2_1;road_1_0_1_0;road_1_0_1_0;road_1_0_1_1;road_1_0_1_1;road_0_1_0_0;road_0_1_0_0;road_0_1_0_1;road_0_1_0_1,rrrrGGrrrrrrGGrr
320,intersection_1_1,road_1_2_3_0;road_1_2_3_0;road_1_2_3_1;road_1_2_3_1;road_2_1_2_0;road_2_1_2_0;road_2_1_2_1;road_2_1_2_1;road_1_0_1_0;road_1_0_1_0;road_1_0_1_1;road_1_0_1_1;road_0_1_0_0;road_0_1_0_0;road_0_1_0_1;road_0_1_0_1,rrrrGGrrrrrrGGrr
330,intersection_1_1,road_1_2_3_0;road_1_2_3_0;road_1_2_3_1;road_1_2_3_1;road_2_1_2_0;road_2_1_2_0;road_2_1_2_1;road_2_1_2_1;road_1_0_1_0;road_1_0_1_0;road_1_0_1_1;road_1_0_1_1;road_0_1_0_0;road_0_1_0_0;road_0_1_0_1;road_0_1_0_1,rrrrrrrrrrrrGGGG
340,intersection_1_1,road_1_2_3_0;road_1_2_3_0;road_1_2_3_1;road_1_2_3_1;road_2_1_2_0;road_2_1_2_0;road_2_1_2_1;road_2_1_2_1;road_1_0_1_0;road_1_0_1_0;road_1_0_1_1;road_1_0_1_1;road_0_1_0_0;road_0_1_0_0;road_0_1_0_1;road_0_1_0_1,rrrrrrrrrrrrGGGG
350,intersection_1_1,road_1_2_3_0;road_1_2_3_0;road_1_2_3_1;road_1_2_3_1;road_2_1_2_0;road_2_1_2_0;road_2_1_2_1;road_2_1_2_1;road_1_0_1_0;road_1_0_1_0;road_1_0_1_1;road_1_0_1_1;road_0_1_0_0;road_0_1_0_0;road_0_1_0_1;road_0_1_0_1,rrGGrrrrrrGGrrrr
360,intersection_1_1,road_1_2_3_0;road_1_2_3_0;road_1_2_3_1;road_1_2_3_1;road_2_1_2_0;road_2_1_2_0;road_2_1_2_1;road_2_1_2_1;road_1_0_1_0;road_1_0_1_0;road_1_0_1_1;road_1_0_1_1;road_0_1_0_0;road_0_1_0_0;road_0_1_0_1;road_0_1_0_1,rrGGrrrrrrGGrrrr
370,intersection_1_1,road_1_2_3_0;road_1_2_3_0;road_1_2_3_1;road_1_2_3_1;road_2_1_2_0;road_2_1_2_0;road_2_1_2_1;road_2_1_2_1;road_1_0_1_0;road_1_0_1_0;road_1_0_1_1;road_1_0_1_1;road_0_1_0_0;road_0_1_0_0;road_0_1_0_1;road_0_1_0_1,rrrrGGGGrrrrrrrr
380,intersection_1_1,road_1_2_3_0;road_1_2_3_0;road_1_2_3_1;road_1_2_3_1;road_2_1_2_0;road_2_1_2_0;road_2_1_2_1;road_2_1_2_1;road_1_0_1_0;road_1_0_1_0;road_1_0_1_1;road_1_0_1_1;road_0_1_0_0;road_0_1_0_0;road_0_1_0_1;road_0_1_0_1,rrrrGGGGrrrrrrrr
390,intersection_1_1,road_1_2_3_0;road_1_2_3_0;road_1_2_3_1;road_1_2_3_1;road_2_1_2_0;road_2_1_2_0;road_2_1_2_1;road_2_1_2_1;road_1_0_1_0;road_1_0_1_0;road_1_0_1_1;road_1_0_1_1;road_0_1_0_0;road_0_1_0_0;road_0_1_0_1;road_0_1_0_1,rrrrGGGGrrrrrrrr
400,intersection_1_1,road_1_2_3_0;road_1_2_3_0;road_1_2_3_1;road_1_2_3_1;road_2_1_2_0;road_2_1_2_0;road_2_1_2_1;road_2_1_2_1;road_1_0_1_0;road_1_0_1_0;road_1_0_1_1;road_1_0_1_1;road_0_1_0_0;road_0_1_0_0;road_0_1_0_1;road_0_1_0_1,rrrrGGGGrrrrrrrr
410,intersection_1_1,road_1_2_3_0;road_1_2_3_0;road_1_2_3_1;road_1_2_3_1;road_2_1_2_0;road_2_1_2_0;road_2_1_2_1;road_2_1_2_1;road_1_0_1_0;road_1_0_1_0;road_1_0_1_1;road_1_0_1_1;road_0_1_0_0;road_0_1_0_0;road_0_1_0_1;road_0_1_0_1,rrrrGGrrrrrrGGrr
420,intersection_1_1,road_1_2_3_0;road_1_2_3_0;road_1_2_3_1;road_1_2_3_1;road_2_1_2_0;road_2_1_2_0;road_2_1_2_1;road_2_1_2_1;road_1_0_1_0;road_1_0_1_0;road_1_0_1_1;road_1_0_1_1;road_0_1_0_0;road_0_1_0_0;road_0_1_0_1;road_0_1_0_1,rrrrrrrrrrrrGGGG
430,intersection_1_1,road_1_2_3_0;road_1_2_3_0;road_1_2_3_1;road_1_2_3_1;road_2_1_2_0;road_2_1_2_0;road_2_1_2_1;road_2_1_2_1;road_1_0_1_0;road_1_0_1_0;road_1_0_1_1;road_1_0_1_1;road_0_1_0_0;road_0_1_0_0;road_0_1_0_1;road_0_1_0_1,rrrrGGrrrrrrGGrr
440,intersection_1_1,road_1_2_3_0;road_1_2_3_0;road_1_2_3_1;road_1_2_3_1;road_2_1_2_0;road_2_1_2_0;road_2_1_2_1;road_2_1_2_1;road_1_0_1_0;road_1_0_1_0;road_1_0_1_1;road_1_0_1_1;road_0_1_0_0;road_0_1_0_0;road_0_1_0_1;road_0_1_0_1,rrrrrrrrGGGGrrrr
450,intersection_1_1,road_1_2_3_0;road_1_2_3_0;road_1_2_3_1;road_1_2_3_1;road_2_1_2_0;road_2_1_2_0;road_2_1_2_1;road_2_1_2_1;road_1_0_1_0;road_1_0_1_0;road_1_0_1_1;road_1_0_1_1;road_0_1_0_0;road_0_1_0_0;road_0_1_0_1;road_0_1_0_1,rrrrrrrrGGGGrrrr
460,intersection_1_1,road_1_2_3_0;road_1_2_3_0;road_1_2_3_1;road_1_2_3_1;road_2_1_2_0;road_2_1_2_0;road_2_1_2_1;road_2_1_2_1;road_1_0_1_0;road_1_0_1_0;road_1_0_1_1;road_1_0_1_1;road_0_1_0_0;road_0_1_0_0;road_0_1_0_1;road_0_1_0_1,rrrrrrrrGGGGrrrr
470,intersection_1_1,road_1_2_3_0;road_1_2_3_0;road_1_2_3_1;road_1_2_3_1;road_2_1_2_0;road_2_1_2_0;road_2_1_2_1;road_2_1_2_1;road_1_0_1_0;road_1_0_1_0;road_1_0_1_1;road_1_0_1_1;road_0_1_0_0;road_0_1_0_0;road_0_1_0_1;road_0_1_0_1,rrrrrrrrGGGGrrrr
480,intersection_1_1,road_1_2_3_0;road_1_2_3_0;road_1_2_3_1;road_1_2_3_1;road_2_1_2_0;road_2_1_2_0;road_2_1_2_1;road_2_1_2_1;road_1_0_1_0;road_1_0_1_0;road_1_0_1_1;road_1_0_1_1;road_0_1_0_0;road_0_1_0_0;road_0_1_0_1;road_0_1_0_1,rrrrrrrrGGGGrrrr
490,intersection_1_1,road_1_2_3_0;road_1_2_3_0;road_1_2_3_1;road_1_2_3_1;road_2_1_2_0;road_2_1_2_0;road_2_1_2_1;road_2_1_2_1;road_1_0_1_0;road_1_0_1_0;road_1_0_1_1;road_1_0_1_1;road_0_1_0_0;road_0_1_0_0;road_0_1_0_1;road_0_1_0_1,rrrrrrrrGGGGrrrr
500,intersection_1_1,road_1_2_3_0;road_1_2_3_0;road_1_2_3_1;road_1_2_3_1;road_2_1_2_0;road_2_1_2_0;road_2_1_2_1;road_2_1_2_1;road_1_0_1_0;road_1_0_1_0;road_1_0_1_1;road_1_0_1_1;road_0_1_0_0;road_0_1_0_0;road_0_1_0_1;road_0_1_0_1,rrrrrrrrGGGGrrrr
510,intersection_1_1,road_1_2_3_0;road_1_2_3_0;road_1_2_3_1;road_1_2_3_1;road_2_1_2_0;road_2_1_2_0;road_2_1_2_1;road_2_1_2_1;road_1_0_1_0;road_1_0_1_0;road_1_0_1_1;road_1_0_1_1;road_0_1_0_0;road_0_1_0_0;road_0_1_0_1;road_0_1_0_1,rrrrrrrrGGGGrrrr
520,intersection_1_1,road_1_2_3_0;road_1_2_3_0;road_1_2_3_1;road_1_2_3_1;road_2_1_2_0;road_2_1_2_0;road_2_1_2_1;road_2_1_2_1;road_1_0_1_0;road_1_0_1_0;road_1_0_1_1;road_1_0_1_1;road_0_1_0_0;road_0_1_0_0;road_0_1_0_1;road_0_1_0_1,rrrrrrrrGGGGrrrr
530,intersection_1_1,road_1_2_3_0;road_1_2_3_0;road_1_2_3_1;road_1_2_3_1;road_2_1_2_0;road_2_1_2_0;road_2_1_2_1;road_2_1_2_1;road_1_0_1_0;road_1_0_1_0;road_1_0_1_1;road_1_0_1_1;road_0_1_0_0;road_0_1_0_0;road_0_1_0_1;road_0_1_0_1,rrrrrrrrGGGGrrrr
540,intersection_1_1,road_1_2_3_0;road_1_2_3_0;road_1_2_3_1;road_1_2_3_1;road_2_1_2_0;road_2_1_2_0;road_2_1_2_1;road_2_1_2_1;road_1_0_1_0;road_1_0_1_0;road_1_0_1_1;road_1_0_1_1;road_0_1_0_0;road_0_1_0_0;road_0_1_0_1;road_0_1_0_1,rrrrrrrrGGGGrrrr
550,intersection_1_1,road_1_2_3_0;road_1_2_3_0;road_1_2_3_1;road_1_2_3_1;road_2_1_2_0;road_2_1_2_0;road_2_1_2_1;road_2_1_2_1;road_1_0_1_0;road_1_0_1_0;road_1_0_1_1;road_1_0_1_1;road_0_1_0_0;road_0_1_0_0;road_0_1_0_1;road_0_1_0_1,rrrrrrrrGGGGrrrr
560,intersection_1_1,road_1_2_3_0;road_1_2_3_0;road_1_2_3_1;road_1_2_3_1;road_2_1_2_0;road_2_1_2_0;road_2_1_2_1;road_2_1_2_1;road_1_0_1_0;road_1_0_1_0;road_1_0_1_1;road_1_0_1_1;road_0_1_0_0;road_0_1_0_0;road_0_1_0_1;road_0_1_0_1,rrrrrrrrGGGGrrrr
570,intersection_1_1,road_1_2_3_0;road_1_2_3_0;road_1_2_3_1;road_1_2_3_1;road_2_1_2_0;road_2_1_2_0;road_2_1_2_1;road_2_1_2_1;road_1_0_1_0;road_1_0_1_0;road_1_0_1_1;road_1_0_1_1;road_0_1_0_0;road_0_1_0_0;road_0_1_0_1;road_0_1_0_1,rrrrrrrrGGGGrrrr
580,intersection_1_1,road_1_2_3_0;road_1_2_3_0;road_1_2_3_1;road_1_2_3_1;road_2_1_2_0;road_2_1_2_0;road_2_1_2_1;road_2_1_2_1;road_1_0_1_0;road_1_0_1_0;road_1_0_1_1;road_1_0_1_1;road_0_1_0_0;road_0_1_0_0;road_0_1_0_1;road_0_1_0_1,rrrrrrrrGGGGrrrr
590,intersection_1_1,road_1_2_3_0;road_1_2_3_0;road_1_2_3_1;road_1_2_3_1;road_2_1_2_0;road_2_1_2_0;road_2_1_2_1;road_2_1_2_1;road_1_0_1_0;road_1_0_1_0;road_1_0_1_1;road_1_0_1_1;road_0_1_0_0;road_0_1_0_0;road_0_1_0_1;road_0_1_0_1,rrrrrrrrGGGGrrrr
